protocol,src_port,dst_port,packet_size,timestamp,inter_arrival_time,packet_size_variance,jitter,packets_per_second,bytes_per_second,concurrent_connections,failed_connections,retransmission_rate,src_port_entropy,dst_port_entropy,protocol_entropy,packet_size_entropy,slice_type,5qi,priority_level,max_delay_budget,gNB_id,amf_id,upf_id,nssai,tac,ran_ue_id,pdu_session_id,is_malicious,packet_size_ratio,connection_success_rate
3.4479168243706225e-05,0.00025970589136704804,0.0009173958262545057,0.001661918016616255,-9.804178262129426e-08,0.011058147701696726,3.552083420800045e-05,0.0011228193077840842,0.011362007237621582,0.001375509184144903,0.028657954095615425,0.021989558243221838,0.0005286713915120345,0.0,0.0,-9.510840754956007e-07,0.0005533332843333482,0.0,0.0,0.0,6.164215010358021e-06,-1.2500000302679836e-05,5.833331379108131e-06,-0.00016666665789671242,-4.583333648042753e-06,-2.083333267364651e-05,2.1875009406358005e-06,-5.614584544673562e-05,0.018876666339929217,0.0,0.001813904304872267
3.468750510364771e-05,3.12254810705781e-05,0.0008401041530305519,-0.0013855208162567578,-4.5098061673343184e-06,0.012625375308198272,3.333333414047956e-05,0.00047933323687175287,0.01146950729074888,0.001244050869718194,0.029972592336198433,0.02312060847412795,0.0010627747935359367,0.0,0.0,-5.936454166658223e-05,-0.0013104166300036014,0.0,0.0,0.0,3.517156728776172e-06,3.333333472255617e-05,1.4583331067115069e-05,2.4999998277053238e-05,-3.541666956152767e-06,0.00013333332259207964,-7.291666697710753e-06,-5.83333452232182e-05,0.020054166284680833,0.0,0.0016514499898767098
-0.0001280208374373615,4.117647185921669e-06,-4.1666656034067276e-06,-0.00010802079923450947,1.8676470062928274e-05,0.011107991064054658,3.333333414047956e-05,0.0005869896273361519,0.010590340656926855,0.0011607407171686645,0.030046197916090023,0.023057723992242245,0.001332548103237059,0.0,0.0,0.0001243078673724085,0.00024104805750539528,0.0,0.0,0.0,-1.3314949392224662e-05,3.333333472255617e-05,1.4583331067115069e-05,2.4999998277053238e-05,-3.541666956152767e-06,4.166666767559945e-06,0.0,1.9166667480021717e-05,0.020265832969889742,0.0,0.0015909645217470824
-3.999999666120857e-05,-7.658704649657011e-05,-0.00013625003106426447,0.008000972030276898,-7.088236743584276e-05,-0.010825106873671757,6.2500003259629e-05,-0.0021289295481983573,-0.0026544316480794803,0.014644011632190085,0.03298807274943101,0.027239304811882904,0.0014843536689295434,0.0,0.0,0.0004623420303687453,0.00590150121570332,0.0,0.0,0.0,-2.9295343774720096e-05,8.901515357138124e-06,1.8229164415970443e-05,0.00012864582007750868,-2.5000001187436284e-06,-0.00010416665580123663,-7.291666697710753e-06,-0.0002500000433064997,0.023589166187448427,0.0,0.0017974382499232888
3.8333339616656304e-05,2.9166657477617263e-05,4.166666767559945e-06,-0.001385520816547796,-3.1372572993859648e-06,0.013073812813017867,3.333333414047956e-05,0.0005543332491652109,0.01177784058789257,0.0011357175349257886,0.0300059256581153,0.023088647686818148,0.0010429831259534694,0.0,0.0,-5.936454166658223e-05,-0.0013140624633524566,0.0,0.0,0.0,4.8897050146479156e-06,-1.2500000302679836e-05,3.64583102054894e-06,-0.00016666665789671242,-3.541666956152767e-06,0.00013333332259207964,-3.645832184702158e-06,-5.468751071020961e-05,0.020204166281037033,0.0,0.0018728286557598039
2.3125004954636097e-05,2.0588235929608345e-06,4.166666767559945e-06,-0.0012630208043265157,-2.8431363170966505e-06,0.012984229446883546,3.333333414047956e-05,0.0005135404077009298,0.011398673963849432,0.0008314467023592442,0.030260516241651204,0.023009569271234796,0.0009357122945948504,0.0,0.0,-5.603973404504359e-05,-0.0009119791293051094,0.0,0.0,0.0,3.517156728776172e-06,3.333333472255617e-05,1.4583331067115069e-05,2.4999998277053238e-05,-4.0416669799014925e-06,-7.500000123400241e-05,-7.291666697710753e-06,7.324999562115409e-05,0.020427499602374156,0.0,0.0017466583126224578
0.00012456016207579524,-4.843752132728696e-05,-0.001239479120413307,-0.008829785042471484,7.583333121147007e-05,-0.08079444995993981,0.00015831229349714705,-0.0035977874723903368,-0.08218208142712684,-0.025024547891516705,-0.2689264569266106,-0.21189888780507318,-0.01109766480680264,0.0,0.0,-8.564501302316786e-05,-0.006008707044093171,0.0,0.0,0.0,5.0937496926053424e-05,0.00012984848715859697,0.00010645831658621318,0.00012500000302679838,-3.285416889411863e-05,4.5833339681848885e-05,-3.124990325886756e-07,0.0001534242460911628,-0.18447666319989367,0.0,-0.016726428960682823
0.00015914349874947221,-4.843752132728696e-05,-0.001222812456835527,-0.010712171438062796,2.500000409781933e-06,-0.0805261166964192,-0.0006311616254970431,-0.0035185071843443438,-0.08090746026657143,-0.02418106405515573,-0.27169016895428283,-0.2094840436202503,-0.010786215885382262,0.0,0.0,-8.564501302316786e-05,-0.0060145403786737005,0.0,0.0,0.0,5.0937496926053424e-05,0.0001910984888309031,0.00011666664970107377,0.00012500000302679838,-4.577083491312806e-05,-2.083332743495703e-05,-8.33333338960074e-06,0.0005337272041651886,-0.18417249653633916,0.0,-0.017123275439807913
5.385416327044368e-05,3.12254810705781e-05,4.166666767559945e-06,-0.001493854138534516,-4.5098061673343184e-06,0.013461312772924429,3.333333414047956e-05,0.0005693332490045577,0.011394507296499797,0.0012367592041846365,0.02992259232974902,0.023102275138662663,0.0009741289549856447,0.0,0.0,-5.936454166658223e-05,-0.0013104166288394482,0.0,0.0,0.0,3.517156728776172e-06,-1.2500000302679836e-05,1.4583331067115069e-05,2.4999998277053238e-05,-3.541666956152767e-06,-2.083333267364651e-05,0.0,-5.83333452232182e-05,0.0202874996085302,0.0,0.0018492624763166532
2.476877416484058e-06,-0.00016614580061286689,-0.0009561458023381419,-0.010658929652854567,3.018518938915804e-05,-0.07638795253034913,-0.0006311616254970431,-0.0003447579039493576,-0.08145117234438658,-0.026732013133441798,-0.26513742273244134,-0.2103015098101605,-0.014969332180844503,0.0,0.0,-6.983304774621502e-05,-0.007043707067350624,0.0,0.0,0.0,1.7708323866827414e-06,-0.00015265151814674026,-0.00045572910108603536,0.00012500000302679838,-0.00026881908277573527,0.00028333333088085053,-8.33333338960074e-06,0.00026660603558411824,-0.18210916318232193,0.0,-0.0228645726981631
5.385416327044368e-05,3.12254810705781e-05,4.166666767559945e-06,-0.0013996874730219132,2.15686101000756e-06,0.013138812783799948,-3.75000003259629e-05,0.0005318332428578287,0.011307007303112187,0.0012409258709521964,0.03008925899579481,0.023239775137917605,0.0008526706285192631,0.0,0.0,-5.936454166658223e-05,-0.0013187499542254954,0.0,0.0,0.0,3.517156728776172e-06,-1.2500000302679836e-05,-5.104165873490274e-05,2.4999998277053238e-05,-3.541666956152767e-06,-7.500000123400241e-05,0.0,2.3333330173045397e-05,0.0202874996085302,0.0,0.002126345805008896
-0.0010711111419368536,-4.843752132728696e-05,-0.0010878124614828266,-0.010630504787986866,1.9166669808328152e-05,-0.0798547810859236,0.00015393729350762441,-0.0033800779753073583,-0.08090541479858075,-0.022202892904570035,-0.2707018356535809,-0.21028406263976648,-0.013342824576175189,0.0,0.0,0.0006328072713222355,-0.006014447785237281,0.0,0.0,0.0,5.0937496926053424e-05,-0.00016344697400199948,0.00011739581648726016,0.00012500000302679838,-2.7854168656631373e-05,-2.083332743495703e-05,1.8750001618172973e-06,-0.00033429354545660316,-0.18357499659759924,0.0,-0.01745547273749253
0.00014560182869900019,0.000281875038635917,-0.0011894791226950475,-0.010736660075053805,5.833333707414568e-06,-0.07946028338628822,-0.0006333491267287172,-0.002156073324731551,-0.08085624807583372,-0.025911272379307775,-0.2714514568917093,-0.21023786928395566,-0.008513289756447193,0.0,0.0,-8.564501302316786e-05,-0.0060145403786737005,0.0,0.0,0.0,5.0937496926053424e-05,0.00012984848715859697,0.0001093749824212864,-0.0005166666791774333,-3.285416772996541e-05,0.00023385417880490423,4.166658618487418e-07,-7.636740934685804e-05,-0.1820358299923828,0.0,-0.021049837971077068
-9.68750100582838e-05,0.0,-4.1666656034067276e-06,0.0002169791725464165,2.0196077530272303e-05,0.01111169476993382,3.114583407295868e-05,0.0006285853829467669,0.010548673981102184,0.0007812383951386437,0.03030236825099564,0.022888054268551058,0.0009498581429943443,0.0,0.0,9.87870420794934e-05,0.00020170977601082995,0.0,0.0,0.0,4.8897050146479156e-06,-1.2500000302679836e-05,-4.958332545356825e-05,2.4999998277053238e-05,-3.541666956152767e-06,0.0,-7.291664951480925e-07,2.0624997559934855e-05,0.020428332951996708,0.0,0.0019092549761990086
5.479166749864817e-05,2.0588235929608345e-06,0.0,-0.001108020807732828,1.632352883461863e-05,0.011569397758721607,3.333333414047956e-05,0.0001038364740088582,0.010952840632526203,-0.003100636540330015,0.030996133938097047,0.02544290010089753,0.001003816474985797,0.0,0.0,-2.282608416862786e-05,0.0007802083331625908,0.0,0.0,0.0,-2.4509790819138288e-08,3.333333472255617e-05,1.4583331067115069e-05,2.4999998277053238e-05,-2.5000001187436284e-06,-2.083333267364651e-05,-7.291666697710753e-06,1.9166667480021717e-05,0.021526666252757422,0.0,0.0016877400712110103
3.468750510364771e-05,2.0588235929608345e-06,0.0,-0.0012105208210414276,-4.5098061673343184e-06,0.013115479486514233,3.333333414047956e-05,0.0003918332504690625,0.011632007252192125,0.00045342587982304393,0.030124258982614265,0.023045608471147717,0.0014169414658681489,0.0,0.0,-5.936454166658223e-05,-0.0009119791293051094,0.0,0.0,0.0,3.517156728776172e-06,-1.2500000302679836e-05,1.4583331067115069e-05,-0.00016666665789671242,-3.541666956152767e-06,0.00013333332259207964,-7.291666697710753e-06,-5.83333452232182e-05,0.020335832943965217,0.0,0.00169780414638808
3.468750510364771e-05,3.328430466353893e-05,0.0008442708197981119,-0.001493854138534516,-4.6568647667299956e-06,0.013021208606296568,-3.75000003259629e-05,0.0004914410845958628,0.011390340631478466,0.0012143633699452038,0.030088817817959353,0.023035688121890417,0.0010708814169629478,0.0,0.0,-5.936454166658223e-05,-0.0013104166300036014,0.0,0.0,0.0,-1.3314949392224662e-05,3.333333472255617e-05,1.4583331067115069e-05,2.4999998277053238e-05,2.1458334231283516e-05,-2.083333267364651e-05,-7.291666697710753e-06,-5.83333452232182e-05,0.01998333295516204,0.0,0.00170287155197002
2.822916314471513e-05,-0.00010696080280467868,-0.00013458335015457124,0.00661993038651417,-7.019609300186858e-05,-0.00895789896356291,4.212963161990047e-05,0.0009332521044416353,-0.003721429672659724,0.010653946571110282,0.03327659363443672,0.02745842397402157,0.0013844762019289193,0.0,0.0,-5.7655139826238156e-05,0.006336397007689811,0.0,0.0,0.0,7.830882532289252e-06,8.33333353511989e-06,1.4583331067115069e-05,0.0001249999855645001,-2.5000001187436284e-06,0.0004249999509193003,3.6458333488553764e-06,-0.0002500000433064997,0.02364499952207552,0.0,0.0023384510132018477
1.5138886519707739e-05,-7.727332063950598e-05,-0.00013458335015457124,0.0070206942371441984,-7.696071697864682e-06,-0.009573003336408875,4.212963161990047e-05,-0.0015654632955556735,-0.0029330963911343134,0.014208495111233788,0.03335234363861673,0.02694792399313883,0.001240642918564845,0.0,0.0,-5.7655139826238156e-05,0.005893341493356274,0.0,0.0,0.0,7.830882532289252e-06,8.33333353511989e-06,-5.104165873490274e-05,0.0001249999855645001,-3.000000142492354e-06,-0.00010416665580123663,3.6458333488553764e-06,0.00026741668945760464,0.023519999526033643,0.0,0.0018540413765003904
0.00011164355848450214,-6.126838969066739e-05,-0.001222812456835527,-0.010781290756858653,7.352941756835207e-06,-0.08050997075508348,-0.0006311616254970431,-0.0019218359125079587,-0.07955291481612221,-0.026261272462870692,-0.27165846438547303,-0.20955924190486258,-0.010809823890231201,0.0,0.0,-8.564501302316786e-05,-0.006515582045976771,0.0,0.0,0.0,5.162377165106591e-05,-0.00016503788294357945,0.00011666664970107377,-0.0005166666791774333,-3.7020836825831795e-05,-0.00031250004190951585,-8.33333338960074e-06,0.0005279317492386327,-0.18232749659058756,0.0,-0.017876860013930126
-7.916665053926408e-06,-0.00010643998044542968,-0.0001347916980739683,0.006919340196473059,-7.019609300186858e-05,-0.008556488767062546,-6.590277829673142e-05,-0.0026778564206324518,-0.004813929787414964,0.015755115487554577,0.03316976392001379,0.027257962987205245,0.0008090248370717745,0.0,0.0,0.0003797378693707287,0.005822022088977974,0.0,0.0,0.0,7.830882532289252e-06,8.33333353511989e-06,2.083321669488214e-07,-0.0005166666069999338,-4.5833335025236015e-06,0.0004082291174563579,-2.0833332382608206e-06,-0.00024979170997539767,0.023467499532271178,0.0,0.0032015769486315546
-9.885417763143778e-05,-3.645832184702158e-06,-8.333332370966673e-06,-8.291663223644719e-05,1.3529411517083644e-05,0.010780491125769913,3.333333414047956e-05,0.0005399859423050657,0.010598673977074213,0.0013029282115167007,0.030298722405423178,0.023283193118404596,0.0008377400785684586,0.0,0.0,4.0974536677822474e-05,0.00020117736828979105,0.0,0.0,0.0,4.8897050146479156e-06,3.333333472255617e-05,7.291666697710753e-06,2.4999998277053238e-05,-5.62500033993274e-06,-5.41666685603559e-05,0.0,-2.9166669119149446e-05,0.020278332971647616,0.0,0.0020031091384589673
-0.00013677083887159825,2.0588235929608345e-06,-4.1666656034067276e-06,-6.635413155891001e-05,1.8823528662323952e-05,0.011112157731404296,2.82291675102897e-05,0.000574881779612042,0.010552840655436739,0.0011877198837464676,0.030046639092470285,0.02305097766860854,0.0013180873144301587,0.0,0.0,0.0001243078673724085,0.00024250639078672974,0.0,0.0,0.0,3.517156728776172e-06,3.333333472255617e-05,-5.1041689584963025e-06,2.4999998277053238e-05,-3.541666956152767e-06,0.0,1.4583331940229981e-05,3.593749133870006e-05,0.020286666298197815,0.0,0.0015576679509831592
5.385416327044368e-05,3.328430466353893e-05,0.0,0.0016737930863746442,9.926467464538291e-06,0.012271208621314145,3.333333414047956e-05,0.0011045661265961825,0.010757007311331107,0.0013128008610510734,0.028419277645953117,0.021964513992279534,0.0010206961967924144,0.0,0.0,-5.936454166658223e-05,0.0006080439570359886,0.0,0.0,0.0,-1.3314949392224662e-05,-1.2500000302679836e-05,1.4583331067115069e-05,2.4999998277053238e-05,-3.541666956152767e-06,-2.083333267364651e-05,0.0,-5.83333452232182e-05,0.019158332994556986,0.0,0.0017076632234966382
4.9687495920807126e-05,4.117647185921669e-06,-4.166666767559945e-06,-6.010412878822535e-05,1.8676470062928274e-05,0.011399692454360774,3.333333414047956e-05,0.0005048208308289759,0.010336173985851928,0.0012416781960928346,0.030190110948096843,0.02302906459677615,0.0013451522789546288,0.0,0.0,-5.936454166658223e-05,0.00024104805750539528,0.0,0.0,0.0,-1.3314949392224662e-05,3.333333472255617e-05,1.4583331067115069e-05,2.4999998277053238e-05,-3.541666956152767e-06,0.0,0.0,1.9166667480021717e-05,0.020041666298056954,0.0,0.0016131840556045064
3.468750510364771e-05,3.12254810705781e-05,0.0008401041530305519,-0.001493854138534516,-4.5098061673343184e-06,0.012979541932800202,-3.75000003259629e-05,0.00047933323687175287,0.011765340588754043,0.0011315508681582287,0.029980925669733552,0.02312060847412795,0.0010169414590927772,0.0,0.0,-5.936454166658223e-05,-0.0013104166300036014,0.0,0.0,0.0,3.517156728776172e-06,3.333333472255617e-05,1.4583331067115069e-05,-0.00016666665789671242,-3.541666956152767e-06,-2.083333267364651e-05,-7.291666697710753e-06,-5.83333452232182e-05,0.019970832959807013,0.0,0.0017597833171021193
0.00011383105826098472,-6.041666609235108e-05,-0.001222812456835527,-0.010821934698469704,-3.6666668602265415e-05,-0.08105694991128985,0.00015956229181028901,-0.003121149156941101,-0.0818737480787604,-0.025268402097572105,-0.2714402977711143,-0.20996072113084666,-0.007805776552631869,0.0,0.0,-8.564501302316786e-05,-0.0065197487075056414,0.0,0.0,0.0,5.0937496926053424e-05,-0.00020799242989596678,0.00010791664943099021,0.00012500000302679838,-3.5104170165141114e-05,-2.083332743495703e-05,-6.145833613118156e-06,-9.156248313956894e-05,-0.18393582987555418,0.0,-0.016985491465893576
5.385416327044368e-05,3.328430466353893e-05,0.0,-0.0017363541395752692,-4.6568647667299956e-06,0.013136312780188746,3.333333414047956e-05,0.0011476179934106767,0.011332007296732626,0.0012211342148657422,0.030212431120689873,0.022726815576752414,0.0009813454623508733,0.0,0.0,-5.603973404504359e-05,-0.0009223958069924266,0.0,0.0,0.0,-1.3314949392224662e-05,-3.481060644844547e-05,-5.104165873490274e-05,2.4999998277053238e-05,1.5208337863441557e-05,-2.083333267364651e-05,-7.291666697710753e-06,-7.041667849989608e-05,0.020258332946687007,0.0,0.0017404757073381915
2.7500002179294825e-05,3.12254810705781e-05,4.166666767559945e-06,-0.0013913541394867935,2.15686101000756e-06,0.01309756277987617,-3.3125000481959435e-05,0.0005543332491652109,0.011307007303112187,0.0013022800319595262,0.03017334232419671,0.022920108480611816,0.0009370664643938653,0.0,0.0,-5.936454166658223e-05,-0.0013104166288394482,0.0,0.0,0.0,3.517156728776172e-06,-1.2500000302679836e-05,1.8958330911118538e-05,2.4999998277053238e-05,-4.0416669799014925e-06,-2.083333267364651e-05,-6.5624993294477465e-06,0.00010085415458888747,0.02028749960620189,0.0,0.002045616640825756
5.385416327044368e-05,3.12254810705781e-05,0.0,0.0016737930863746442,-4.5098061673343184e-06,0.012225375287453061,3.333333414047956e-05,0.0010997499455697834,0.010723673977190628,0.0013383216928923502,0.028461385491755208,0.02195776766864583,0.00101258957394748,0.0,0.0,-5.936454166658223e-05,0.0006153356214053929,0.0,0.0,0.0,3.517156728776172e-06,3.333333472255617e-05,1.4583331067115069e-05,2.4999998277053238e-05,-3.541666956152767e-06,-2.083333267364651e-05,0.0,-5.83333452232182e-05,0.01917916632286506,0.0,0.0016645749873714522
2.2951386054046452e-05,0.000620226774335606,-0.00013375001668464393,0.005814027609012555,-7.696071697864682e-06,-0.008504774077882757,4.212963161990047e-05,-0.001565842083073221,-0.004395596354079316,0.014208495111233788,0.03325159364547289,0.027277590654266534,0.001302222453232389,0.0,0.0,-5.7655139826238156e-05,0.005904278993402841,0.0,0.0,0.0,7.830882532289252e-06,-7.575757772428915e-06,-5.104165873490274e-05,0.0001249999855645001,-2.5000001187436284e-06,0.0004249999509193003,-7.291666697710753e-06,0.00018333336571231486,0.023344999533437657,0.0,0.0022040413675131275
0.00016393516503740102,-6.126838969066739e-05,-0.001219479124119971,-0.010945457423658808,6.5196082869078965e-06,-0.08197747073369101,-0.0006297032922157087,-0.0023743359599029644,-0.08108624814001814,-0.025920647469902178,-0.2694959644501068,-0.2102534084996296,-0.0075351364570815345,0.0,0.0,-8.564501302316786e-05,-0.006524436213512672,0.0,0.0,0.0,5.162377165106591e-05,-0.00016503788294357945,0.0001093749824212864,0.00012500000302679838,-3.7854168549529274e-05,-2.083332743495703e-05,4.062499065184966e-06,-0.0001172765000956133,-0.1839408298722992,0.0,-0.018069464169238925
3.197916899807751e-05,2.9166657477617263e-05,0.0009234374889638275,-0.0007854166362085379,5.882326513528824e-07,0.012623263453861,-3.5312500258442015e-05,-0.0003373161851777695,0.011677840578486212,0.001309131886519026,0.030356660931793157,0.02305810847115936,0.0006908936475520022,0.0,0.0,-9.510840754956007e-07,-0.0012984374642837793,0.0,0.0,0.0,6.850489444332197e-06,-1.2500000302679836e-05,5.833331379108131e-06,-0.00016666665789671242,-3.541666956152767e-06,-2.083333267364651e-05,2.1875009406358005e-06,-5.614584544673562e-05,0.020371666285791436,0.0,0.001629510900238529
-0.00012645834940485656,3.075368469581008e-05,0.0,-0.0004980902548413724,1.2401960557326674e-05,0.011509721835318487,2.968750079162419e-05,-0.0006466859867214225,0.011519507258781233,-0.0028817707940470426,0.03165805420649122,0.024842012945446187,0.0011203127191402019,0.0,0.0,5.326086306013167e-05,0.0003427083735004999,0.0,0.0,0.0,8.664215711178258e-06,-1.174242453998886e-05,-2.1875000093132258e-05,-0.00016666665789671242,-2.5000001187436284e-06,-2.083333267364651e-05,-3.6458345130085945e-06,5.4166654590517285e-05,0.02141999960265821,0.0,0.0017790145886829123
4.552082857117057e-05,0.0,-4.166666767559945e-06,0.00027072916243923826,1.3529411517083644e-05,0.010988396214306704,3.333333414047956e-05,0.0005412298036389984,0.010408522459038068,0.0007440508803119882,0.03042605936057953,0.02311946171859745,0.001299545643851161,0.0,0.0,-5.603973404504359e-05,0.000200251444184687,0.0,0.0,0.0,4.8897050146479156e-06,3.5606062010629105e-05,1.4583331067115069e-05,2.4999998277053238e-05,-3.541666956152767e-06,-5.41666685603559e-05,0.0,-2.9166669119149446e-05,0.020199999622709585,0.0,0.001776370317384135
3.6041669663973155e-05,1.3725494500249625e-06,0.0,0.0002434722366160713,1.906862686155364e-05,0.006314305287378375,3.333333414047956e-05,-0.0006613863082020544,0.010748673966736533,0.0008484374667750671,0.031186973393851077,0.025973047134903025,0.0008925792793161236,0.0,0.0,6.114109419286251e-07,0.0003317708650138229,0.0,0.0,0.0,-7.10784224793315e-07,-7.765151676721871e-06,1.4583331067115069e-05,2.4999998277053238e-05,-2.5000001187436284e-06,0.0,3.6458333488553764e-06,2.3143940197769552e-05,0.02163916624034755,0.0,0.002337133443215862
3.833333496004343e-05,3.12254810705781e-05,4.166666767559945e-06,-0.0015338541520759463,2.15686101000756e-06,0.012742979489194112,3.697916748933494e-05,0.0009597499229130335,0.011394507296499797,0.001161238382337615,0.030164258990625966,0.022894775145396125,0.001094128969562007,0.0,0.0,-5.936454166658223e-05,-0.001322395788738504,0.0,0.0,0.0,3.517156728776172e-06,-1.2500000302679836e-05,3.64583102054894e-06,2.4999998277053238e-05,-3.541666956152767e-06,0.00013333332259207964,-3.6458345130085945e-06,0.00010666665388271212,0.02028749960620189,0.0,0.00185113747313153
1.697917003184557e-05,4.117647185921669e-06,0.0,0.00021864582784473897,1.2009804049739613e-05,0.011288812818966107,3.552083420800045e-05,0.0005096608059830032,0.010740340611664578,0.0006736342176736799,0.030519883678407494,0.02303476860819501,0.0011049912869930268,0.0,0.0,-5.936454166658223e-05,0.00020025144272949546,0.0,0.0,0.0,-1.3314949392224662e-05,-3.481060644844547e-05,5.833331379108131e-06,-0.00016666665789671242,1.5208337863441557e-05,4.166666767559945e-06,2.1875009406358005e-06,-3.9062502619344744e-05,0.020104166300734506,0.0,0.0018220382256549782
2.854167018085718e-05,-7.077206391841173e-06,-4.166666767559945e-06,0.0002754166623344645,2.0245096238795667e-05,0.011342562828431255,-3.114583407295868e-05,0.0005350256626843475,0.010627840616507456,0.0005997800551995169,0.030606777608263656,0.023001337234527453,0.0011931731243385003,0.0,0.0,-5.936454166658223e-05,0.00020025144272949546,0.0,0.0,0.0,-1.7432596287108027e-05,-1.2500000302679836e-05,-1.458332990296185e-06,-0.00016666665789671242,1.5208337863441557e-05,0.0,2.1875009406358005e-06,-2.6979169342666863e-05,0.020095832974184304,0.0,0.0017826080720988102
4.135416937060654e-05,1.2499988079071045e-05,0.0009276041557313875,-0.0013688541372539477,1.936274638865143e-05,0.012289513473733677,3.333333414047956e-05,0.0004759219221887179,0.011494507252937183,0.0012644443943281658,0.030823933662813944,0.02318281434883829,0.0010679201807943172,0.0,0.0,-2.282608416862786e-05,-0.0012984374642837793,0.0,0.0,0.0,8.22303831228055e-06,2.6893943140748887e-06,1.4583331067115069e-05,-0.00016666665789671242,-3.541666956152767e-06,-2.4999999441206454e-05,0.0,-3.7499962490983307e-06,0.02007166629016865,0.0,0.0011587020679144188
0.00011164355848450214,6.249978905543685e-06,-0.001222812456835527,-0.010963525605475297,5.833333707414568e-06,-0.08067694993456825,-0.0006311616254970431,-0.0033581946830963717,-0.07873246031518648,-0.02539564747698023,-0.27220975231079136,-0.209987793532855,-0.009690591022445006,0.0,0.0,-8.564501302316786e-05,-0.006524436213512672,0.0,0.0,0.0,5.0937496926053424e-05,0.0001910984888309031,0.00011666664970107377,0.00012500000302679838,-3.285416772996541e-05,-2.083332743495703e-05,2.60416665696539e-06,-0.00011918937554582953,-0.18393582987555418,0.0,-0.017022337943926685
8.967597241280601e-05,-0.0007979411585256458,-0.0010762499703560024,-0.007784129650826799,2.1225493401288987e-05,-0.07693834244419122,-4.166665021330118e-06,-0.004851289070866187,-0.08077757361210387,-0.022636839679689727,-0.2818127814512809,-0.21252428160405543,-0.024370739247169693,0.0,0.0,-4.635547986254096e-05,-0.0026360030814248604,0.0,0.0,0.0,5.299632051901426e-05,-0.00023727273302938555,0.0,-0.0005166666791774333,-4.160416930972133e-05,-8.74999922234565e-05,-2.1875000675208865e-06,0.00033300750656053426,-0.18278749643999617,0.0,0.00022994969811406917
3.468750510364771e-05,3.328430466353893e-05,4.166666767559945e-06,-0.001493854138534516,-4.6568647667299956e-06,0.013373812769059442,3.333333414047956e-05,0.0005664410968893208,0.011436173965339549,0.001204988382960437,0.03021798448600748,0.023044021454261383,0.0008755689204554074,0.0,0.0,-5.936454166658223e-05,-0.0013104166288394482,0.0,0.0,0.0,-1.3314949392224662e-05,3.333333472255617e-05,1.4583331067115069e-05,2.4999998277053238e-05,1.5208337863441557e-05,-2.083333267364651e-05,0.0,-5.83333452232182e-05,0.020266666277893818,0.0,0.0017815173836424948
5.385416327044368e-05,0.00023745098616927862,0.0008365624921862036,0.001768584733363241,1.659313464188017e-05,0.011049333621558617,-3.75000003259629e-05,0.001029566115757916,0.011290340592968278,0.001200300860655261,0.02857344432391983,0.02181451400203514,0.0010909045425069052,0.0,0.0,-5.936454166658223e-05,0.0006102314568124711,0.0,0.0,0.0,-1.3314949392224662e-05,3.333333472255617e-05,1.4583331067115069e-05,-0.00016666665789671242,-3.541666956152767e-06,-2.083333267364651e-05,0.0,0.00010666665388271212,0.01863333301327657,0.0,0.0019416215672390536
4.56250028219074e-05,3.12254810705781e-05,4.166666767559945e-06,-0.001493854138534516,-4.5098061673343184e-06,0.013373812769059442,3.333333414047956e-05,0.0005543332491652109,0.011398673963849432,0.0012367592041846365,0.03004759232753713,0.0230872751379502,0.0010007956260233185,0.0,0.0,-5.936454166658223e-05,-0.0013104166288394482,0.0,0.0,0.0,3.517156728776172e-06,3.333333472255617e-05,-3.645835677161813e-06,2.4999998277053238e-05,-3.541666956152767e-06,-2.083333267364651e-05,-3.6458345130085945e-06,-4.7395850997418166e-05,0.02028749960620189,0.0,0.0017842624802142382
5.604166304692626e-05,3.328430466353893e-05,2.5000001187436284e-06,0.0017762930854223668,2.009802410611883e-06,0.011852875290132943,3.552083420800045e-05,0.0011168982810340821,0.010792007312702481,0.0013128008610510734,0.028571451554271335,0.022095641450578116,0.0009173628569988068,0.0,0.0,-5.603973404504359e-05,0.0006095022894442081,0.0,0.0,0.0,-1.3314949392224662e-05,3.333333472255617e-05,5.833331379108131e-06,2.4999998277053238e-05,-3.541666956152767e-06,-7.500000123400241e-05,2.1875009406358005e-06,2.552082994952798e-05,0.019163332994503436,0.0,0.0017184965580236166
3.343750373460352e-05,-8.229165221564472e-05,4.166666767559945e-06,-0.001494895807118155,-3.9852945192251355e-05,0.01271753430031822,3.333333414047956e-05,0.000724958230566699,0.011452840593410656,0.0013857985592039767,0.03095979818393971,0.023144619884551503,0.0006532620138023048,0.0,0.0,-9.510840754956007e-07,-0.0013020832976326346,0.0,0.0,0.0,-3.1985297391656787e-06,-1.174242453998886e-05,-3.6458333488553764e-06,-0.00016666665789671242,-5.62500033993274e-06,-2.4999999441206454e-05,3.6458345130085945e-06,-2.5520839262753725e-05,0.020485832952108467,0.0,0.001562243732623756
-0.0001280208374373615,2.0588235929608345e-06,-4.1666656034067276e-06,-0.00013218746666098012,-2.6176474057137968e-05,0.011083824400993763,3.333333414047956e-05,0.000574881779612042,0.010552840655436739,0.0011862615490099415,0.030196639093192063,0.023090848379652015,0.0012794414701056667,0.0,0.0,0.0001243078673724085,0.00020117736828979105,0.0,0.0,0.0,3.517156728776172e-06,3.333333472255617e-05,1.4583331067115069e-05,2.4999998277053238e-05,-3.541666956152767e-06,4.166666767559945e-06,0.0,7.499996572732926e-06,0.020286666298197815,0.0,0.001593709618318826
2.3125004954636097e-05,3.12254810705781e-05,4.166666767559945e-06,-0.0017446874728193507,-4.5098061673343184e-06,0.013382562769838841,-3.75000003259629e-05,0.0009597499229130335,0.011311173970461823,0.0012267592101125047,0.03005592566107225,0.02306144180445699,0.0008550664513313677,0.0,0.0,-5.936454166658223e-05,-0.001322395788738504,0.0,0.0,0.0,3.517156728776172e-06,3.333333472255617e-05,1.4583331067115069e-05,2.4999998277053238e-05,-3.541666956152767e-06,-2.083333267364651e-05,-7.291666697710753e-06,-5.83333452232182e-05,0.02028749960620189,0.0,0.001983324967441149
0.00011164355848450214,-6.041666609235108e-05,-0.001222812456835527,-0.011208393029373837,5.833333707414568e-06,-0.08049361662822775,0.00015956229181028901,-0.004472190646338276,-0.08164874808146123,-0.025129652108007577,-0.2713944644320145,-0.20921572116065362,-0.009952755468184478,0.0,0.0,-8.564501302316786e-05,-0.005165582199551864,0.0,0.0,0.0,5.0937496926053424e-05,0.0001295075782763888,0.00011666664970107377,0.00012500000302679838,-3.5104167836834675e-05,-2.083332743495703e-05,-8.33333338960074e-06,-8.041664856136776e-05,-0.18393582987555418,0.0,-0.016568616392323748
4.2291663121432065e-05,0.00022286766674369573,0.0008281249910942279,0.0019330639028339648,1.6176472563529387e-05,0.010828673940413864,-3.75000003259629e-05,0.001061213861394208,0.011141855772875716,0.0014696411181648727,0.0282471109789185,0.02202959690403077,0.0002869091457978357,0.0,0.0,-3.436454455368221e-05,0.0006303124665282667,0.0,0.0,0.0,-3.081494556681719e-05,3.5606062010629105e-05,0.0,-0.00016666665789671242,1.9916670426027848e-05,-2.083333267364651e-05,-7.291666697710753e-06,6.741667064488866e-05,0.019013332999893464,0.0,0.0024233577083214186
4.2291663121432065e-05,0.0002353921625763178,0.0008340624862466938,0.0017940013407496736,-4.5098061673343184e-06,0.011372250257554697,3.333333414047956e-05,0.0010834267898462713,0.010887840620998759,0.001495509187807329,0.028333947663613798,0.021943871969124302,0.0005108156760979909,0.0,0.0,-4.5102237490937116e-05,0.0006324999418575317,0.0,0.0,0.0,3.517156728776172e-06,-4.128787841182202e-06,1.4583331067115069e-05,2.4999998277053238e-05,-8.479166441247798e-05,-2.083333267364651e-05,0.0,-4.7916678595356644e-05,0.018759166333184113,0.0,0.002205770193540957
0.00011383105826098472,-5.937500856816769e-05,-0.001222812456835527,-0.010777124090091093,8.518519171047956e-06,-0.08094694991130381,0.00015956229181028901,-0.0012938196083996446,-0.08271124804898136,-0.026894443695491644,-0.2728459643280803,-0.20956036920812038,-0.008252485887278454,0.0,0.0,-8.564501302316786e-05,-0.006006727875646902,0.0,0.0,0.0,5.0937496926053424e-05,-0.0001400378823382198,0.00010791664943099021,-0.0005166666791774333,-3.285416772996541e-05,-2.083332743495703e-05,4.791666433447972e-06,-0.0001740473374957219,-0.1828858299246349,0.0,-0.01601830394123681
4.500000388361514e-05,-8.229165221564472e-05,0.0009276041557313875,-0.0015740624722093343,5.882326513528824e-07,0.012572846785988077,3.333333414047956e-05,0.0007302880033967085,0.011515340581536294,0.0012644443943281658,0.030639994258599472,0.023164775141631254,0.0009054770079092123,0.0,0.0,-2.282608416862786e-05,-0.0012984374642837793,0.0,0.0,0.0,6.850489444332197e-06,3.333333472255617e-05,-3.6458333488553764e-06,-0.00016666665789671242,-3.541666956152767e-06,-2.4999999441206454e-05,3.6458345130085945e-06,-5.468751071020961e-05,0.020238332960871047,0.0,0.0011493025597883388
1.4618051354773342e-05,-7.727332063950598e-05,-0.00013458335015457124,0.006901527566369623,8.9803887240123e-05,-0.010072899161095848,-5.277778021991253e-05,-0.001648796642839443,-0.0033539297235984124,0.014287546040286543,0.03313076031154196,0.027565206377912547,0.0019016637009917757,0.0,0.0,-5.7655139826238156e-05,0.005893341493356274,0.0,0.0,0.0,6.789215840399265e-06,8.33333353511989e-06,1.4583331067115069e-05,0.0001249999855645001,-2.5000001187436284e-06,-0.00010416665580123663,3.6458333488553764e-06,8.49999173078686e-05,0.023519999526033643,0.0,0.001956761283800006
3.468750510364771e-05,3.12254810705781e-05,0.0008401041530305519,-0.0014813541388139129,-4.5098061673343184e-06,0.012975375265450567,-3.75000003259629e-05,0.0003232726259739138,0.011300189114699606,0.0016315508756088093,0.029980925669733552,0.023118714535667096,0.0010929831440444104,0.0,0.0,-5.936454166658223e-05,-0.001439583282917738,0.0,0.0,0.0,3.517156728776172e-06,3.5606062010629105e-05,-5.104165873490274e-05,2.4999998277053238e-05,-3.541666956152767e-06,-2.083333267364651e-05,-7.291666697710753e-06,-5.83333452232182e-05,0.020054166284680833,0.0,0.0017160333180800081
-2.0381946815177798e-05,-7.727332063950598e-05,-0.00013458335015457124,0.008120694225945045,-7.019609300186858e-05,-0.010027169988461537,4.212963161990047e-05,-0.00156712996220449,-0.0029332857850749862,0.014201014048448996,0.0328599269832921,0.0274049012530304,0.001268122056790162,0.0,0.0,-5.7655139826238156e-05,0.005904279001551913,0.0,0.0,0.0,7.830882532289252e-06,8.901515357138124e-06,3.64583102054894e-06,0.0001249999855645001,-2.5000001187436284e-06,-0.00010416665580123663,-3.645832184702158e-06,-0.00024635420879349113,0.023519999534182715,0.0,0.0017778955423273146
-1.2048614444211125e-05,-7.500003557652235e-05,-0.00013458335015457124,0.006897360900766216,9.049016167409717e-05,-0.009541128336713882,4.212963161990047e-05,-0.001653422864037566,-0.002833096396861947,0.014232453446747968,0.03320992697896145,0.027322443586017472,0.00129270540230209,0.0,0.0,-5.7655139826238156e-05,0.005893341493356274,0.0,0.0,0.0,8.517156966263428e-06,-8.33333353511989e-06,1.4583331067115069e-05,0.0001249999855645001,-2.5000001187436284e-06,-0.00010416665580123663,3.6458333488553764e-06,8.49999173078686e-05,0.02351999952836195,0.0,0.0016843354899901896
5.749999778345227e-05,0.0002353921625763178,2.5000001187436284e-06,0.0017762930854223668,2.15686101000756e-06,0.01138620862380776,3.333333414047956e-05,0.0010997499455697834,0.010883673966454809,0.0013456133572617545,0.028598885484607307,0.021999434336321427,0.0009431104057875928,0.0,0.0,-5.936454166658223e-05,0.0006058564549311996,0.0,0.0,0.0,3.517156728776172e-06,3.333333472255617e-05,3.64583102054894e-06,2.4999998277053238e-05,-3.541666956152767e-06,-2.083333267364651e-05,-3.645832184702158e-06,2.6979164686053992e-05,0.019009166330215523,0.0,0.002016033325344324
3.468750510364771e-05,3.12254810705781e-05,0.0008401041530305519,-0.001385520816547796,-4.5098061673343184e-06,0.012679541976758628,-3.75000003259629e-05,0.00047933323687175287,0.011377840630011633,0.0012398842017864809,0.029939259000311722,0.02312060847412795,0.000997149809554685,0.0,0.0,-5.936454166658223e-05,-0.0013104166300036014,0.0,0.0,0.0,3.517156728776172e-06,-1.2500000302679836e-05,-5.104165873490274e-05,2.4999998277053238e-05,-3.541666956152767e-06,0.00013333332259207964,-7.291666697710753e-06,-5.83333452232182e-05,0.020054166284680833,0.0,0.001974366651265882
-0.00012385417008772492,2.0588235929608345e-06,-1.2499999138526619e-05,0.0003044791630236432,1.8823528662323952e-05,0.011124194771837211,-3.333333414047956e-05,0.0006285853829467669,0.010427840660559013,0.0006589467311277986,0.03000913908952498,0.023136681714095175,0.0013713164944783784,0.0,0.0,0.0001243078673724085,0.00020025144272949546,0.0,0.0,0.0,3.517156728776172e-06,-1.2500000302679836e-05,-5.104165873490274e-05,2.4999998277053238e-05,-3.541666956152767e-06,0.0,0.0,1.9166667480021717e-05,0.02030333296061144,0.0,0.00187912628025515
3.468750510364771e-05,3.12254810705781e-05,0.0,-0.001493854138534516,-4.5098061673343184e-06,0.01342381277725508,-3.75000003259629e-05,0.0005084999083192087,0.011248673968948424,0.0012325925374170766,0.030139258984781918,0.02318310847040266,0.000951837305619847,0.0,0.0,-5.936454166658223e-05,-0.0013104166288394482,0.0,0.0,0.0,3.517156728776172e-06,3.333333472255617e-05,-5.104165873490274e-05,2.4999998277053238e-05,-3.541666956152767e-06,-7.500000123400241e-05,0.0,-5.83333452232182e-05,0.020279166272666772,0.0,0.0019988458091393115
0.00011164355848450214,-6.675858981907368e-05,-0.001222812456835527,-0.010931518031720771,1.269607848371379e-05,-0.08150819988339209,0.00015956229181028901,-0.0024104322376661005,-0.08336958141979267,-0.025057256330910604,-0.27098196443483175,-0.21011445887474112,-0.007739735038703657,0.0,0.0,-8.564501302316786e-05,-0.006516102878813399,0.0,0.0,0.0,-0.0001619669011415681,-0.00020799242989596678,0.00011666664970107377,0.00012500000302679838,-3.5104167836834675e-05,-2.083332743495703e-05,2.60416665696539e-06,-8.041664856136776e-05,-0.1829699965591135,0.0,-0.017047378706192832
1.5138886519707739e-05,-0.00013196080573834478,-0.00013458335015457124,0.006853506762126926,-7.019609300186858e-05,-0.00943966989972978,4.212963161990047e-05,3.922419069567695e-05,-0.0035747631629783425,0.014194953445257851,0.032954197811704944,0.02758522950709448,0.0008433998419786803,0.0,0.0,-4.671764327213168e-05,0.005904278993402841,0.0,0.0,0.0,7.830882532289252e-06,8.33333353511989e-06,1.458332990296185e-05,-0.0005166666069999338,-4.5833335025236015e-06,0.0004249999509193003,-7.291666697710753e-06,-0.0002500000433064997,0.02326999953162158,0.0,0.002018624703050591
5.385416327044368e-05,3.12254810705781e-05,0.0,0.0017762930344906635,2.15686101000756e-06,0.011894541950823623,3.333333414047956e-05,0.0010997499455697834,0.010723673964384943,0.0013456133584259077,0.028620468824301498,0.02179060101043433,0.0010734437509381679,0.0,0.0,-5.936454166658223e-05,0.0006116897612810135,0.0,0.0,0.0,3.517156728776172e-06,3.333333472255617e-05,1.4583331067115069e-05,2.4999998277053238e-05,-4.0416669799014925e-06,-2.083333267364651e-05,-7.291666697710753e-06,0.00010741665391833521,0.01917916632286506,0.0,0.0016718666529050097
0.0001321643270784989,-0.0001279350253753364,-0.0011644791197613813,-0.010798942267865642,6.5196082869078965e-06,-0.08119520582258702,0.00015956229181028901,-0.0019921113282907756,-0.0816987480640455,-0.02683277711417759,-0.2706180856032552,-0.2098019269503857,-0.008139757571116206,0.0,0.0,-5.573048489168286e-05,-0.006519748713326407,0.0,0.0,0.0,5.162377165106591e-05,-0.00013844697339663982,0.00010791664943099021,0.00012500000302679838,-3.285416889411863e-05,0.0002375000121537596,-6.145833613118156e-06,-0.00011700187576934695,-0.1841449965442007,0.0,-0.01743537406786345
3.468750510364771e-05,2.9166657477617263e-05,0.0,-0.0013913541394867935,3.5294098779559137e-06,0.013130479452593135,3.333333414047956e-05,0.0006052070777514019,0.011332007294986396,0.0012367592041846365,0.030241432894217723,0.0229989418113837,0.0010366289594094268,0.0,0.0,-5.603973404504359e-05,-0.0013104166288394482,0.0,0.0,0.0,4.8897050146479156e-06,-1.2500000302679836e-05,1.4583331067115069e-05,2.4999998277053238e-05,-3.541666956152767e-06,-2.083333267364651e-05,0.0,2.3333330173045397e-05,0.020279166272666772,0.0,0.0017655369895510375
4.3854168616235256e-05,3.12254810705781e-05,-1.4583332813344895e-06,0.0017483763655764051,2.15686101000756e-06,0.01174995864268567,3.333333414047956e-05,0.0011281237739603966,0.010640340652898886,0.0013383216940565034,0.02882605938368215,0.02176222845679149,0.001058839578909101,0.0,0.0,-5.603973404504359e-05,0.0005759605957427993,0.0,0.0,0.0,3.517156728776172e-06,9.166666772216559e-05,1.4583331067115069e-05,2.4999998277053238e-05,-3.541666956152767e-06,-2.083333267364651e-05,0.0,2.3333330173045397e-05,0.01912916631583357,0.0,0.0018558249599300324
5.385416327044368e-05,0.0002353921625763178,0.0008340624862466938,0.0017994180615642109,-4.5098061673343184e-06,0.011384333605747088,-3.75000003259629e-05,0.0010297904210165142,0.010816173974308185,0.0013341550261247903,0.028326059404753322,0.022105561795760877,0.0008694645595096517,0.0,0.0,-5.603973404504359e-05,0.0006150231219362467,0.0,0.0,0.0,3.517156728776172e-06,-1.2500000302679836e-05,1.4583331067115069e-05,2.4999998277053238e-05,-3.541666956152767e-06,-7.500000123400241e-05,0.0,-5.83333452232182e-05,0.018759166333184113,0.0,0.002041866663203109
4.354166914708913e-05,1.3725494500249625e-06,4.166666767559945e-06,-0.0006881944226915948,-9.804178262129426e-08,0.012975450956946587,3.552083420800045e-05,-0.0003366135837859474,0.011315340626752005,0.0006949999558855779,0.030833327591899433,0.022857422194065294,0.0010550603218143805,0.0,0.0,-2.282608416862786e-05,-0.000895312464563176,0.0,0.0,0.0,6.164215010358021e-06,3.333333472255617e-05,5.833331379108131e-06,2.4999998277053238e-05,-3.541666956152767e-06,-2.083333267364651e-05,-5.104165757074952e-06,-5.614584544673562e-05,0.020661666263476944,0.0,0.0014804667580756358
-0.00013020833721384407,2.0588235929608345e-06,4.166666767559945e-06,-0.0008830208092695102,1.8823528662323952e-05,0.012384611407615011,3.114583407295868e-05,0.0006160853832261636,0.01159034063341096,0.0006749883980955929,0.030074512620049062,0.023068434552988036,0.001131628954608459,0.0,0.0,0.0001243078673724085,-0.0009068749615107663,0.0,0.0,0.0,3.517156728776172e-06,3.333333472255617e-05,1.604166434844956e-05,2.4999998277053238e-05,-3.541666956152767e-06,-2.083333267364651e-05,-7.291664951480925e-07,2.0624997559934855e-05,0.020511666275706376,0.0,0.0016139179503079505
0.00011383105826098472,-0.0001260416442528367,-0.001222812456835527,-0.010932389227527893,5.833333707414568e-06,-0.08049051824724301,0.00015956229181028901,-0.0031564812368014825,-0.08165541473845224,-0.031765276902297045,-0.272111873526419,-0.2088372211220121,-0.0012106573380151532,0.0,0.0,-5.573048489168286e-05,-0.006511936205642996,0.0,0.0,0.0,5.0937496926053424e-05,-4.257575037627248e-05,0.00010791664943099021,0.00012500000302679838,1.714582416752819e-05,-1.2499995063990354e-05,4.791666433447972e-06,8.894509781384841e-05,-0.18393582987555418,0.0,-0.018606685431004733
4.3854168616235256e-05,1.3725494500249625e-06,0.0,-0.0004773611016571522,6.568625394720584e-06,0.01238211768672045,3.333333414047956e-05,-0.00042578024382237343,0.011252840625238604,0.0006220833052066155,0.030991660919753486,0.022855755527416477,0.0011387061572168023,0.0,0.0,-2.282608416862786e-05,-0.0008916666300501675,0.0,0.0,0.0,6.164215010358021e-06,3.333333472255617e-05,1.4583331067115069e-05,2.4999998277053238e-05,-3.541666956152767e-06,0.00013333332259207964,0.0,2.3333330173045397e-05,0.020653332932270133,0.0,0.0016038000959088094
4.6041668392717836e-05,0.0002353921625763178,0.0008617708252859302,0.001728793025831692,-4.5098061673343184e-06,0.011526208640643744,-3.5312500258442015e-05,0.0010022499345359393,0.011044507274637,0.0012331133580300957,0.02858638548372255,0.021801934327813795,0.0010190479025186504,0.0,0.0,-5.936454166658223e-05,0.0005912730940326583,0.0,0.0,0.0,3.517156728776172e-06,-5.0000001210719346e-05,5.833331379108131e-06,-0.00016666665789671242,-3.541666956152767e-06,-2.083333267364651e-05,-5.104165757074952e-06,-5.614584544673562e-05,0.01859583300887607,0.0,0.00211957500083372
4.9687495920807126e-05,0.0,0.0,-0.00013968746410682797,1.3529411517083644e-05,0.011326359117156244,3.333333414047956e-05,0.00048229631618596614,0.010361173978890293,0.0012671990279341117,0.030265552133278105,0.02308619080315111,0.0012387123113148846,0.0,0.0,-5.936454166658223e-05,0.00024104805750539528,0.0,0.0,0.0,4.8897050146479156e-06,3.333333472255617e-05,1.4583331067115069e-05,2.4999998277053238e-05,-3.541666956152767e-06,4.166666767559945e-06,0.0,-2.9166669119149446e-05,0.020070832959900146,0.0,0.0017138703292584978
5.604166304692626e-05,0.0002353921625763178,0.00083406249206746,0.0019019180606119335,2.15686101000756e-06,0.010999333613362978,3.552083420800045e-05,0.001024749934731517,0.011291173926438205,0.001229988359264098,0.02852388549326861,0.022016101005137897,0.0008886312293179799,0.0,0.0,-5.936454166658223e-05,0.0006150231219362467,0.0,0.0,0.0,3.517156728776172e-06,3.333333472255617e-05,5.833331379108131e-06,-0.00016666665789671242,-3.541666956152767e-06,-2.083333267364651e-05,2.1875009406358005e-06,2.552082994952798e-05,0.018675833008310293,0.0,0.001850200004701037
5.385416327044368e-05,3.12254810705781e-05,4.166666767559945e-06,-0.0015021874717785976,-4.5098061673343184e-06,0.01342381277376262,-3.75000003259629e-05,0.0006285404122900218,0.011311173970461823,0.0012482175364857539,0.029966432912588062,0.0230542359300307,0.0009704831204726361,0.0,0.0,-5.603973404504359e-05,-0.001322395788738504,0.0,0.0,0.0,3.517156728776172e-06,3.333333472255617e-05,1.4583331067115069e-05,2.4999998277053238e-05,-3.541666956152767e-06,-2.083333267364651e-05,-7.291666697710753e-06,-5.83333452232182e-05,0.0202874996085302,0.0,0.0019565541372867303
4.354166914708913e-05,5.6225484004244206e-05,4.166666767559945e-06,-0.0014146874740254133,5.686273565515876e-05,0.01267545096714457,3.552083420800045e-05,0.0005479963388643227,0.011457007260760292,0.000782152735919226,0.030983327597277822,0.02291894180350937,0.0009356853188364767,0.0,0.0,-2.282608416862786e-05,-0.0008916666300501675,0.0,0.0,0.0,6.850489444332197e-06,3.333333472255617e-05,5.833331379108131e-06,-0.00016666665789671242,-3.541666956152767e-06,-2.083333267364651e-05,2.1875009406358005e-06,-2.6979173999279737e-05,0.020578332938603127,0.0,0.0014237817176035606
-1.2604171643033623e-05,-7.727332063950598e-05,-0.0001045833487296477,0.0066326387689332475,-7.019609300186858e-05,-0.00960431103987503,-9.583333681803196e-05,-0.0010680560528999194,-0.003504763059245306,0.013921805219724774,0.03280576031531382,0.027287127680756383,0.0012993720624945126,0.0,0.0,-5.7655139826238156e-05,0.0057655637135030705,0.0,0.0,0.0,7.830882532289252e-06,-8.33333353511989e-06,1.4583331067115069e-05,0.0004499999899417162,-8.333334699273109e-07,0.0004249999509193003,3.6458333488553764e-06,-0.0002500000433064997,0.02372999952174723,0.0,0.0025111131253652275
-9.218751336447894e-05,0.0,0.0,-0.0003690277654095553,2.3921567481011154e-05,0.012062638567585963,-3.333333414047956e-05,-0.00042342730186646806,0.01146117395721376,0.0006551041532657109,0.031001810361922254,0.022589267881412526,0.0009296436540898867,0.0,0.0,2.774003776721656e-05,-0.000890208296768833,0.0,0.0,0.0,6.850489444332197e-06,-1.2500000302679836e-05,1.4583331067115069e-05,2.4999998277053238e-05,-3.541666956152767e-06,0.00013333332259207964,-2.1875000675208865e-06,1.9166667480021717e-05,0.020737499610258964,0.0,0.0021386775575228966
-4.6250001760199665e-05,-7.658704649657011e-05,-0.00013458335015457124,0.006897360900766216,8.911761280614882e-05,-0.009428230070188875,4.148990148678422e-05,-0.0015060901516699232,-0.0035780964962759754,0.015722870116005653,0.033317819135336324,0.0269386125755409,0.0013531731406692415,0.0,0.0,-5.7655139826238156e-05,0.005901501215412282,0.0,0.0,0.0,-2.9295343774720096e-05,8.33333353511989e-06,1.458332990296185e-05,-0.0005166666069999338,2.2500001068692655e-05,-0.00010416665580123663,-7.291666697710753e-06,0.00016833324101753533,0.02323333286243724,0.0,0.0017758832592517136
4.9687495920807126e-05,2.0588235929608345e-06,0.0,-9.802079643122852e-05,1.2156862649135291e-05,0.011376359118366963,3.333333414047956e-05,0.00048229631618596614,0.010357007311540656,0.0012671990279341117,0.03022388546385628,0.023124688965326642,0.0012345456451294012,0.0,0.0,-5.936454166658223e-05,0.00020117736828979105,0.0,0.0,0.0,3.517156728776172e-06,-1.2500000302679836e-05,1.4583331067115069e-05,2.4999998277053238e-05,-3.541666956152767e-06,0.0,0.0,-2.9166669119149446e-05,0.020070832959900146,0.0,0.0017242624846403487
4.2291663121432065e-05,3.12254810705781e-05,2.5000001187436284e-06,0.0017762930854223668,1.6740193241275848e-05,0.011894958623306593,3.333333414047956e-05,0.0010924582788720727,0.010750340643862728,0.001495509187807329,0.028589739649687543,0.021808077850728295,0.0005981775528925937,0.0,0.0,-4.8427045112475756e-05,0.0006196874706074595,0.0,0.0,0.0,3.517156728776172e-06,-1.2500000302679836e-05,-5.104165873490274e-05,2.4999998277053238e-05,-5.083333671791479e-06,-2.083333267364651e-05,0.0,0.00010741665391833521,0.019184166323102544,0.0,0.0020664499973645435
4.2291663121432065e-05,3.12254810705781e-05,0.0,-0.0014230208069784566,5.3823520429432394e-05,0.013153396122070261,3.333333414047956e-05,0.0005776665837038308,0.011336173962336034,0.001402280032634735,0.03020852982364886,0.02306060847098706,0.0006141289600054734,0.0,0.0,-4.8427045112475756e-05,-0.0013187499542254954,0.0,0.0,0.0,3.517156728776172e-06,3.333333472255617e-05,-5.104165873490274e-05,2.4999998277053238e-05,-3.541666956152767e-06,-2.083333267364651e-05,0.0,-2.916667377576232e-05,0.020279166274995077,0.0,0.002040304153924808
3.56250093318522e-05,2.0588235929608345e-06,0.0,-0.0013188541427371092,-7.009805995039642e-06,0.012156000296381536,3.333333414047956e-05,9.620825789170339e-05,0.011336173923918978,-0.0029511573689524084,0.03080196728966257,0.025494566769339144,0.001260795624984894,0.0,0.0,-5.936454166658223e-05,0.00029479171033017335,0.0,0.0,0.0,-2.4509790819138288e-08,3.333333472255617e-05,1.4583331067115069e-05,-0.00016666665789671242,-2.5000001187436284e-06,-2.083333267364651e-05,7.291666697710753e-06,-5.83333452232182e-05,0.0211458329326706,0.0,0.0018721791764255613
7.868056534789503e-05,-9.18750066193752e-05,-2.958331722766161e-05,-0.005850410121929599,7.999999797903001e-05,-0.07991519771476305,-0.000614494961919263,-0.004396677381446352,-0.08052958123425924,-0.022791029498257558,-0.2715438995768909,-0.21106817718980891,-0.014167474148343899,0.0,0.0,0.0006335364386904985,-0.0031853098051578856,0.0,0.0,0.0,5.0937496926053424e-05,-4.257575037627248e-05,-0.0004555207677549333,0.00012500000302679838,8.812470841803588e-06,4.5833339681848885e-05,-3.229166759410873e-06,0.00031529925206996267,-0.18360916335252114,0.0,-0.01804388174728956
0.00011164355848450214,6.9362542126327754e-06,-0.001222812456835527,-0.010950268031883752,6.5196082869078965e-06,-0.08072434576461092,-0.0006311616254970431,-0.003303644747938961,-0.08184458146552061,-0.024780335211398778,-0.2731892561195855,-0.21169555433138157,-0.006778068575658836,0.0,0.0,-8.564501302316786e-05,-0.006517144549143268,0.0,0.0,0.0,-0.00015647670334146825,0.0001295075782763888,0.00011666664970107377,0.00012500000302679838,0.00028333335591014476,-0.00031250004190951585,-8.33333338960074e-06,-0.00010291664919350297,-0.18146999662290908,0.0,-0.017006547505152413
-3.999999666120857e-05,-7.500003557652235e-05,-0.00013625003106426447,0.006905138708243612,-7.0097972638905045e-06,-0.010577067662525223,-9.583333681803196e-05,-0.0006452837167307734,-0.0027550755783886417,0.013053576019010506,0.03306768060137984,0.02740147336444352,0.0014740595495095477,0.0,0.0,0.0004623420303687453,0.0057655637137941085,0.0,0.0,0.0,8.517156966263428e-06,8.33333353511989e-06,1.8229164415970443e-05,0.00012864582007750868,-2.5000001187436284e-06,-0.00010416665580123663,3.6458333488553764e-06,0.00018333336571231486,0.023634166192496194,0.0,0.002323479904443957
3.80555511219427e-05,-7.500003557652235e-05,-0.00013458335015457124,0.0069067359287873845,-6.95098185678944e-05,-0.008976822554104728,4.3677401263266804e-05,-0.0015530693152686582,-0.004274763021603576,0.014243634000158635,0.033276593632108414,0.027110591740347446,0.0013920109489117748,0.0,0.0,-5.7655139826238156e-05,0.005893341493356274,0.0,0.0,0.0,8.517156966263428e-06,-8.33333353511989e-06,-3.645835677161813e-06,0.0001249999855645001,-2.5000001187436284e-06,0.0004235416176379658,-1.1641532182693482e-12,-0.00023906254908069967,0.023511666192498525,0.0,0.0024215776298660784
3.2708337530493734e-05,0.0,-4.166666767559945e-06,-7.052079570712521e-05,2.0196077530272303e-05,0.011358025784356868,3.552083420800045e-05,0.0004672963163466193,0.010298673977376892,0.0012671990279341117,0.030273885452843388,0.023038144829915837,0.0013637123271473684,0.0,0.0,-5.936454166658223e-05,0.00023242736759129912,0.0,0.0,0.0,4.8897050146479156e-06,3.333333472255617e-05,5.833331379108131e-06,2.4999998277053238e-05,-3.541666956152767e-06,0.0,2.1875009406358005e-06,2.1354167256504297e-05,0.02006249962403672,0.0,0.0015947036651778035
0.00011947917693760245,-0.00012064337031915784,-0.0012258332909550517,-0.011438819203322055,-0.001486813688679831,-0.07270579674834153,-0.0006289741254295223,-0.003305318209459074,-0.0762846952696782,-0.0294183165521099,-0.26561113061055946,-0.2033624764009437,-0.0014502431843720842,0.0,0.0,-1.40638230368495e-05,-0.006992121472721919,0.0,0.0,0.0,2.352941082790494e-06,0.00016079545854154277,0.0004068749985890463,0.00012500000302679838,-1.260417338926345e-05,-2.9166677850298585e-05,-2.697916585020721e-05,-6.03124441113323e-05,-0.18691249605486518,0.0,-0.024102677821647375
1.729167648591101e-05,-3.645832184702158e-06,4.166666767559945e-06,-0.0006772569223539904,-3.578433534130454e-06,0.011779513484361815,3.333333414047956e-05,-0.0006693648020154796,0.011565340621164068,-0.0026614582957699895,0.03138603589883132,0.024765400110336486,0.0011944353469880299,0.0,0.0,-2.282608416862786e-05,0.0003114583750721067,0.0,0.0,0.0,-2.4509790819138288e-08,3.333333472255617e-05,7.291666697710753e-06,2.4999998277053238e-05,-2.5000001187436284e-06,-2.083333267364651e-05,7.291666697710753e-06,-5.83333452232182e-05,0.021249999586725608,0.0,0.0017399275815114378
1.8958337604999543e-05,2.0588235929608345e-06,0.0,-0.00013552079733926802,1.2156862649135291e-05,0.011335109115025261,-3.333333414047956e-05,0.0004672963163466193,0.010269507325137966,0.0014216781919822096,0.030311385458990116,0.02290315159538295,0.0009380873362533749,0.0,0.0,-3.748954157344997e-05,0.00024250639078672974,0.0,0.0,0.0,3.517156728776172e-06,-1.2500000302679836e-05,-5.104165873490274e-05,2.4999998277053238e-05,-3.541666956152767e-06,4.166666767559945e-06,-2.1875000675208865e-06,5.4166654590517285e-05,0.020070832957571838,0.0,0.0021960333266179076
-9.27083776332438e-06,-7.500003557652235e-05,-0.00013458335015457124,0.006937360993761104,-7.0097972638905045e-06,-0.0096636283081898,4.148990148678422e-05,-0.001555114769435022,-0.0028330963770713423,0.014204120112699456,0.03323180197934562,0.026983925093954895,0.0014240480822627433,0.0,0.0,-5.7655139826238156e-05,0.005890563746797852,0.0,0.0,0.0,8.517156966263428e-06,-7.575757772428915e-06,1.4583331067115069e-05,0.0001249999855645001,-0.000129930553084705,-0.00010416665580123663,3.6458333488553764e-06,0.00018333336571231486,0.023686666187422815,0.0,0.0018419742735568433
4.2291663121432065e-05,2.9166657477617263e-05,4.166666767559945e-06,-0.0013913541394867935,3.5294098779559137e-06,0.013093396113690687,-3.75000003259629e-05,0.0005234999081585556,0.011694507261854597,0.0012595717055955901,0.030130925665216638,0.023324481022136752,0.0005791289600892924,0.0,0.0,-5.936454166658223e-05,-0.0013140624633524566,0.0,0.0,0.0,4.8897050146479156e-06,3.333333472255617e-05,-5.104165873490274e-05,-0.00016666665789671242,-3.541666956152767e-06,8.333324803970754e-06,-7.291666697710753e-06,2.3333330173045397e-05,0.02012083296693163,0.0,0.002155432814033702
-5.3657380340155215e-05,-0.0005271568772150203,-0.0010956249685841613,-0.007569984003348509,-0.0002891176479170099,-0.08081645594531438,-4.166665021330118e-06,-0.0036960465366428254,-0.08183211908759404,-0.021832788740066462,-0.27576781928128186,-0.21884090978281165,-0.019047128685124336,0.0,0.0,-0.00010618453612551093,-0.0033593491384817753,0.0,0.0,0.0,5.711396828701254e-05,3.276515166362515e-05,0.0,0.00012500000302679838,-3.285416889411863e-05,-8.74999922234565e-05,-2.1875000675208865e-06,-4.752269596792757e-05,-0.18528916297771503,0.0,8.287748947623186e-05
4.374999552965164e-05,0.0002208088431507349,0.0008281249910942279,0.0018080639015533961,-4.5098061673343184e-06,0.01132881277546403,-3.604166704462841e-05,0.001061040440981742,0.010820340641657822,0.0014986341854091735,0.028294809407198043,0.02206887196574826,0.00022534419069415888,0.0,0.0,-3.103973693214357e-05,0.0006303124665282667,0.0,0.0,0.0,3.517156728776172e-06,3.333333472255617e-05,-7.291667279787362e-06,2.4999998277053238e-05,-4.583333648042753e-06,-2.083333267364651e-05,-5.8333342894911765e-06,-5.687501514330506e-05,0.018950833005364983,0.0,0.002325408357719425
-1.593749737367034e-05,2.0588235929608345e-06,1.6666663577780128e-06,0.00027013890008674934,1.632352883461863e-05,0.010560138530272524,-3.114583407295868e-05,-0.0006580106384353712,0.011086173970834352,-0.002784895786899142,0.031058633939610444,0.025110608440154464,0.0008475664799334481,0.0,0.0,-2.282608416862786e-05,0.0006942708668066189,0.0,0.0,0.0,1.0723039304139093e-05,3.333333472255617e-05,5.833331379108131e-06,2.4999998277053238e-05,-8.333334699273109e-07,0.0,5.8333342894911765e-06,2.1354167256504297e-05,0.021607499583333266,0.0,0.002156490075867623
1.531250891275704e-05,-2.0588235929608345e-06,0.0,0.0010351388799608686,1.9068626570515335e-05,0.009734096866595791,-3.114583407295868e-05,-0.0006608905419125221,0.010515340649872086,-0.0027776041271863504,0.031430760378061674,0.024716600673273206,0.001127878996776417,0.0,0.0,-2.282608416862786e-05,0.001461709767463617,0.0,0.0,0.0,8.664215711178258e-06,-1.2500000302679836e-05,5.833331379108131e-06,2.4999998277053238e-05,-2.5000001187436284e-06,0.0,-5.104165757074952e-06,2.1354167256504297e-05,0.021480832922970875,0.0,0.001917035422520712
5.385416327044368e-05,3.12254810705781e-05,2.5000001187436284e-06,0.0016737930863746442,-4.5098061673343184e-06,0.012183708613956696,3.333333414047956e-05,0.0010997499455697834,0.010754507311212365,0.0013456133572617545,0.028419718818258843,0.021999434336321427,0.0008958187581447419,0.0,0.0,-5.936454166658223e-05,0.0006058564549311996,0.0,0.0,0.0,3.517156728776172e-06,3.333333472255617e-05,-5.104165873490274e-05,2.4999998277053238e-05,-3.541666956152767e-06,-2.083333267364651e-05,-7.291666697710753e-06,-5.83333452232182e-05,0.019184166323102544,0.0,0.0018597833206877112
